Fecha_ISO,Hora_local,Clase,Enlace_pct,RTT_ms,Detalle
,,"RECORTADO",,,"faltan 998 anotaciones mas antiguas: el tope del registro es 400"
2026-10-02T13:42:13.090Z,"08:42:13","MUESTRA",66,203,"el enlace paso de ENLACE BUENO a ENLACE JUSTO"
2026-10-02T13:42:17.092Z,"08:42:17","MUESTRA",71,201,"el enlace paso de ENLACE JUSTO a ENLACE BUENO"
2026-10-02T13:43:19.156Z,"08:43:19","MUESTRA",100,196,"ENLACE BUENO (latidos contestados en los ultimos 30 s)"
2026-10-02T13:44:21.070Z,"08:44:21","MUESTRA",100,197,"ENLACE BUENO (latidos contestados en los ultimos 30 s)"
2026-10-02T13:45:23.051Z,"08:45:23","MUESTRA",100,205,"ENLACE BUENO (latidos contestados en los ultimos 30 s)"
2026-10-02T13:46:23.059Z,"08:46:23","MUESTRA",100,196,"ENLACE BUENO (latidos contestados en los ultimos 30 s)"
2026-10-02T13:47:25.023Z,"08:47:25","MUESTRA",100,196,"ENLACE BUENO (latidos contestados en los ultimos 30 s)"
2026-10-02T13:47:51.221Z,"08:47:51","EVENTO",100,196,"Equipo [APP_BLUETOOTH]: SET_MODO_MENU - 08:47:50"
2026-10-02T13:48:26.510Z,"08:48:26","CAIDA",,,"silencio de mas de 5 s; la ultima medida fue 100% a las 08:48:21"
2026-10-02T13:48:26.510Z,"08:48:26","HUECO",,,"sin una sola trama durante 261708 s"
2026-10-05T14:30:14.995Z,"09:30:14","EVENTO",,,"Equipo [PUENTE]: EVT:ARRANQUE CAUSA:SUBIDA_DE_TENSION ARRANQUES:1 -> ESTE POSTE SE QUEDO SIN LUZ (arranque por subida de tension). No se sabe cuando fue: la trama no trae la hora, sale en cada conexion y tambien tras el primer encendido. Revise el modo en que quedo y de la orden. Arranques contados: 1."
2026-10-05T14:30:15.714Z,"09:30:15","MUESTRA",,,"el equipo hablo pero el enlace no venia medido (RF:--)"
2026-10-05T14:30:31.581Z,"09:30:31","EVENTO",,,"Diagnóstico del enlace de este poste (D-23): la radio lleva 8 bytes recibidos, 0 tramas buenas y 0 descartadas desde que arrancó. A partir de aquí solo se anota lo que cambie; el detalle al día está en la ventana de diagnóstico."
2026-10-05T14:31:01.605Z,"09:31:01","EVENTO",,,"La radio de este poste NO recibió un solo byte en los últimos 30 s. No es ruido ni CRC malo: no está entrando nada por la línea."
2026-10-05T14:31:17.799Z,"09:31:17","MUESTRA",,,"el equipo hablo pero el enlace no venia medido (RF:--)"
2026-10-05T14:32:10.982Z,"09:32:10","EVENTO",,,"Equipo [APP_BLUETOOTH]: FORZAR_ROJO_SIN_PIN - 09:32:10"
2026-10-05T14:32:19.696Z,"09:32:19","MUESTRA",,,"el equipo hablo pero el enlace no venia medido (RF:--)"
2026-10-05T14:32:19.823Z,"09:32:19","EVENTO",,,"Equipo [APP_BLUETOOTH]: SET_MODO_AMBAR - 09:32:19"
2026-10-05T14:32:25.281Z,"09:32:25","EVENTO",,,"Equipo [APP_BLUETOOTH]: FORZAR_ROJO_SIN_PIN - 09:32:24"
2026-10-05T14:32:30.215Z,"09:32:30","EVENTO",,,"Equipo [APP_BLUETOOTH]: SET_MODO_AUTO - 09:32:29"
2026-10-05T14:32:31.576Z,"09:32:31","EVENTO",,,"Vuelven a entrar bytes por la radio de este poste (49 en los últimos 30 s)."
2026-10-05T14:32:34.277Z,"09:32:34","EVENTO",,,"Equipo [DEGRADADO]: SYNC:0h AVISO:NO VENCIDA:NO - 09:32:33"
2026-10-05T14:32:35.689Z,"09:32:35","MUESTRA",100,196,"el enlace paso de NO SE SABE a ENLACE BUENO"
2026-10-05T14:32:35.764Z,"09:32:35","EVENTO",100,196,"Equipo [ENLACE_RF]: OK_RF:100% - 09:32:35"
2026-10-05T14:32:41.774Z,"09:32:41","MUESTRA",66,196,"el enlace paso de ENLACE BUENO a ENLACE JUSTO"
2026-10-05T14:32:55.689Z,"09:32:55","MUESTRA",71,196,"el enlace paso de ENLACE JUSTO a ENLACE BUENO"
2026-10-05T14:33:55.692Z,"09:33:55","MUESTRA",100,196,"ENLACE BUENO (latidos contestados en los ultimos 30 s)"
2026-10-05T14:34:57.662Z,"09:34:57","MUESTRA",100,201,"ENLACE BUENO (latidos contestados en los ultimos 30 s)"
2026-10-05T14:35:57.727Z,"09:35:57","MUESTRA",100,196,"ENLACE BUENO (latidos contestados en los ultimos 30 s)"
2026-10-05T14:36:31.529Z,"09:36:31","EVENTO",100,204,"Este poste EMPIEZA a descartar tramas: 2 descartada(s) frente a 29 buena(s) en los últimos 30 s. Entra señal y no se entiende."
2026-10-05T14:36:59.640Z,"09:36:59","MUESTRA",100,199,"ENLACE BUENO (latidos contestados en los ultimos 30 s)"
2026-10-05T14:37:01.531Z,"09:37:01","EVENTO",100,199,"Este poste deja de descartar tramas: ninguna descartada en los últimos 30 s."
2026-10-05T14:37:59.700Z,"09:37:59","MUESTRA",100,196,"ENLACE BUENO (latidos contestados en los ultimos 30 s)"
2026-10-05T14:39:01.636Z,"09:39:01","MUESTRA",90,197,"ENLACE BUENO (latidos contestados en los ultimos 30 s)"
2026-10-05T14:40:01.678Z,"09:40:01","MUESTRA",100,195,"ENLACE BUENO (latidos contestados en los ultimos 30 s)"
2026-10-05T14:40:18.919Z,"09:40:18","EVENTO",100,195,"Equipo [APP_BLUETOOTH]: SET_MODO_MENU - 09:40:18"
2026-10-05T14:40:34.422Z,"09:40:34","EVENTO",100,195,"Equipo [APP_BLUETOOTH]: TIEMPOS_CAMBIADOS - 09:40:33"
2026-10-05T14:40:37.031Z,"09:40:37","EVENTO",100,195,"Equipo [APP_BLUETOOTH]: SET_MODO_AUTO - 09:40:36"
2026-10-05T14:41:01.679Z,"09:41:01","MUESTRA",100,222,"ENLACE BUENO (latidos contestados en los ultimos 30 s)"
2026-10-05T14:42:03.618Z,"09:42:03","MUESTRA",100,196,"ENLACE BUENO (latidos contestados en los ultimos 30 s)"
2026-10-05T14:43:05.623Z,"09:43:05","MUESTRA",90,208,"ENLACE BUENO (latidos contestados en los ultimos 30 s)"
2026-10-05T14:44:07.596Z,"09:44:07","MUESTRA",100,196,"ENLACE BUENO (latidos contestados en los ultimos 30 s)"
2026-10-05T14:45:01.479Z,"09:45:01","EVENTO",100,215,"Este poste EMPIEZA a descartar tramas: 1 descartada(s) frente a 30 buena(s) en los últimos 30 s. Entra señal y no se entiende."
2026-10-05T14:45:09.574Z,"09:45:09","MUESTRA",100,214,"ENLACE BUENO (latidos contestados en los ultimos 30 s)"
2026-10-05T14:45:31.446Z,"09:45:31","EVENTO",100,211,"Este poste deja de descartar tramas: ninguna descartada en los últimos 30 s."
2026-10-05T14:46:09.628Z,"09:46:09","MUESTRA",100,198,"ENLACE BUENO (latidos contestados en los ultimos 30 s)"
2026-10-05T14:46:27.279Z,"09:46:27","CAIDA",,,"silencio de mas de 5 s; la ultima medida fue 100% a las 09:46:21"
2026-10-05T14:47:43.065Z,"09:47:43","REGRESO",,,"el equipo vuelve a emitir telemetria"
2026-10-05T14:47:43.067Z,"09:47:43","MUESTRA",,,"el equipo hablo pero el enlace no venia medido (RF:--)"
2026-10-05T14:47:43.126Z,"09:47:43","EVENTO",,,"Equipo [PUENTE]: EVT:ARRANQUE CAUSA:SUBIDA_DE_TENSION ARRANQUES:1 -> ESTE POSTE SE QUEDO SIN LUZ (arranque por subida de tension). No se sabe cuando fue: la trama no trae la hora, sale en cada conexion y tambien tras el primer encendido. Revise el modo en que quedo y de la orden. Arranques contados: 1."
2026-10-05T14:47:50.785Z,"09:47:50","EVENTO",,,"Equipo [APP_BLUETOOTH]: FORZAR_ROJO_SIN_PIN - 09:47:49"
2026-10-05T14:47:52.982Z,"09:47:52","EVENTO",,,"Diagnóstico del enlace de este poste (D-23): la radio lleva 28 bytes recibidos, 6 tramas buenas y 1 descartadas desde que arrancó. A partir de aquí solo se anota lo que cambie; el detalle al día está en la ventana de diagnóstico."
2026-10-05T14:48:05.786Z,"09:48:05","EVENTO",,,"Equipo [APP_BLUETOOTH]: SET_MODO_MENU - 09:48:04"
2026-10-05T14:48:06.754Z,"09:48:06","EVENTO",,,"Equipo [APP_BLUETOOTH]: FORZAR_ROJO_SIN_PIN - 09:48:05"
2026-10-05T14:48:07.079Z,"09:48:07","MUESTRA",100,212,"el enlace paso de NO SE SABE a ENLACE BUENO"
2026-10-05T14:48:07.160Z,"09:48:07","EVENTO",100,212,"Equipo [ENLACE_RF]: OK_RF:100% - 09:48:06"
2026-10-05T14:48:09.264Z,"09:48:09","EVENTO",100,212,"Equipo [APP_BLUETOOTH]: SET_MODO_MENU - 09:48:08"
2026-10-05T14:48:09.869Z,"09:48:09","EVENTO",100,212,"Equipo [DEGRADADO]: SYNC:0h AVISO:NO VENCIDA:NO - 09:48:08"
2026-10-05T14:48:13.238Z,"09:48:13","EVENTO",100,208,"Equipo [APP_BLUETOOTH]: SET_MODO_MANUAL - 09:48:12"
2026-10-05T14:48:17.059Z,"09:48:17","MUESTRA",66,208,"el enlace paso de ENLACE BUENO a ENLACE JUSTO"
2026-10-05T14:48:17.786Z,"09:48:17","EVENTO",66,208,"Equipo [APP_BLUETOOTH]: CAMBIAR_TURNO_MANUAL - 09:48:16"
2026-10-05T14:48:19.055Z,"09:48:19","MUESTRA",75,205,"el enlace paso de ENLACE JUSTO a ENLACE BUENO"
2026-10-05T14:48:25.070Z,"09:48:25","MUESTRA",66,202,"el enlace paso de ENLACE BUENO a ENLACE JUSTO"
2026-10-05T14:48:34.260Z,"09:48:34","EVENTO",62,200,"Equipo [APP_BLUETOOTH]: CAMBIAR_TURNO_MANUAL - 09:48:33"
2026-10-05T14:48:39.085Z,"09:48:39","MUESTRA",70,198,"el enlace paso de ENLACE JUSTO a ENLACE BUENO"
2026-10-05T14:49:01.224Z,"09:49:01","EVENTO",100,197,"Equipo [APP_BLUETOOTH]: FORZAR_ROJO_SIN_PIN - 09:49:00"
2026-10-05T14:49:08.490Z,"09:49:08","EVENTO",100,717,"Equipo [APP_BLUETOOTH]: SET_MODO_ALCANCE - 09:49:07"
2026-10-05T14:49:21.557Z,"09:49:21","EVENTO",100,321,"Equipo [APP_BLUETOOTH]: SET_MODO_INTELIGENTE - 09:49:20"
2026-10-05T14:49:22.952Z,"09:49:22","EVENTO",100,321,"ATENCIÓN: los contadores de radio de este poste BAJARON (250→98 bytes). Los contadores solo arrancan de cero con el micro, así que este poste SE HA REINICIADO desde la muestra anterior. La cuenta arranca otra vez aquí."
2026-10-05T14:49:39.090Z,"09:49:39","MUESTRA",100,218,"ENLACE BUENO (latidos contestados en los ultimos 30 s)"
2026-10-05T14:50:41.057Z,"09:50:41","MUESTRA",90,206,"ENLACE BUENO (latidos contestados en los ultimos 30 s)"
2026-10-05T14:51:41.060Z,"09:51:41","MUESTRA",100,203,"ENLACE BUENO (latidos contestados en los ultimos 30 s)"
2026-10-05T14:52:41.110Z,"09:52:41","MUESTRA",90,199,"ENLACE BUENO (latidos contestados en los ultimos 30 s)"
2026-10-05T14:53:43.035Z,"09:53:43","MUESTRA",100,209,"ENLACE BUENO (latidos contestados en los ultimos 30 s)"
2026-10-05T14:54:45.009Z,"09:54:45","MUESTRA",90,198,"ENLACE BUENO (latidos contestados en los ultimos 30 s)"
2026-10-05T14:55:47.003Z,"09:55:47","MUESTRA",100,206,"ENLACE BUENO (latidos contestados en los ultimos 30 s)"
2026-10-05T14:56:48.983Z,"09:56:48","MUESTRA",100,206,"ENLACE BUENO (latidos contestados en los ultimos 30 s)"
2026-10-05T14:57:49.005Z,"09:57:49","MUESTRA",100,198,"ENLACE BUENO (latidos contestados en los ultimos 30 s)"
2026-10-05T14:58:50.981Z,"09:58:50","MUESTRA",100,196,"ENLACE BUENO (latidos contestados en los ultimos 30 s)"
2026-10-05T14:59:50.990Z,"09:59:50","MUESTRA",100,202,"ENLACE BUENO (latidos contestados en los ultimos 30 s)"
2026-10-05T15:00:52.973Z,"10:00:52","MUESTRA",70,205,"ENLACE BUENO (latidos contestados en los ultimos 30 s)"
2026-10-05T15:00:57.032Z,"10:00:57","MUESTRA",60,205,"el enlace paso de ENLACE BUENO a ENLACE JUSTO"
2026-10-05T15:01:09.032Z,"10:01:09","MUESTRA",30,205,"el enlace paso de ENLACE JUSTO a ENLACE CAYENDO"
2026-10-05T15:01:11.309Z,"10:01:11","ALARMA",20,205,"Caja Negra: FALLO_RF - SILENCIO_28000ms (Accion: CAMBIO_A_AMBAR) -> VAYA AL GABINETE DEL ESCLAVO (poste 2), CONECTESE A EL Y PONGALE LA HORA DESDE EL TELEFONO: pestana Tecnico, boton Sincronizar. Se ha perdido la radio entre los dos postes: sin ella, el Esclavo ya no recibe la hora del Maestro y toma la de su propio ESP32, que es la que hay que dejar bien. Y revise la radio: el ultimo tramo que acompana a esta alarma dice como venia el enlace cuando se cayo. [ultimo tramo: latidos sin respuesta: 8, RTT: 205ms]"
2026-10-05T15:01:13.032Z,"10:01:13","EVENTO",20,205,"Equipo [ENLACE_RF]: PERDIDO_RF:20% - 10:01:12"
2026-10-05T15:01:41.570Z,"10:01:41","EVENTO",0,205,"Equipo [TESTIGO]: FLASH_OK_BORRADO_US:22030 - 10:01:41"
2026-10-05T15:01:41.696Z,"10:01:41","EVENTO",0,205,"Equipo [APP_BLUETOOTH]: SET_MODO_DEG_T - 10:01:41"
2026-10-05T15:01:43.042Z,"10:01:43","EVENTO",0,205,"Equipo [ENLACE_RF]: OK_RF:0% - 10:01:42"
2026-10-05T15:01:48.277Z,"10:01:48","CAIDA",,,"silencio de mas de 5 s; la ultima medida fue 0% a las 10:01:42"
2026-10-05T15:01:49.017Z,"10:01:49","EVENTO",,,"Equipo [PUENTE]: EVT:ARRANQUE CAUSA:OTRO_PERRO ARRANQUES:2 -> El modulo ESP32 de este poste arranco: el perro guardian del ESP32 lo reinicio (se habia colgado). No se sabe cuando fue. Arranques contados: 2."
2026-10-05T15:01:50.556Z,"10:01:50","REGRESO",,,"el equipo vuelve a emitir telemetria"
2026-10-05T15:01:50.559Z,"10:01:50","MUESTRA",,,"el equipo hablo pero el enlace no venia medido (RF:--)"
2026-10-05T15:01:56.393Z,"10:01:56","EVENTO",,,"Diagnóstico del enlace de este poste (D-23): la radio lleva 7587 bytes recibidos, 1862 tramas buenas y 52 descartadas desde que arrancó. A partir de aquí solo se anota lo que cambie; el detalle al día está en la ventana de diagnóstico."
2026-10-05T15:02:00.642Z,"10:02:00","EVENTO",,,"Equipo [ESP32]: HORA_ESP32_SEMBRADA - 10:02:00 -> La controladora de este poste (ESCLAVO, poste 2) ha tomado la hora de su modulo ESP32. Si habia un aviso de la hora del ESP32 en este poste, ya esta resuelto. En el Esclavo esto solo pasa sin radio: con radio, la hora la manda el Maestro."
2026-10-05T15:02:00.732Z,"10:02:00","EVENTO",,,"Equipo [TESTIGO]: FLASH_OK_BORRADO_US:22028 - 10:02:00"
2026-10-05T15:02:00.857Z,"10:02:00","EVENTO",,,"Equipo [APP_BLUETOOTH]: SET_MODO_DEG_T - 10:02:00"
2026-10-05T15:02:26.402Z,"10:02:26","EVENTO",,,"La radio de este poste NO recibió un solo byte en los últimos 30 s. No es ruido ni CRC malo: no está entrando nada por la línea."
2026-10-05T15:02:35.857Z,"10:02:35","EVENTO",,,"Equipo [PUENTE]: EVT:ARRANQUE CAUSA:SUBIDA_DE_TENSION ARRANQUES:1 -> ESTE POSTE SE QUEDO SIN LUZ (arranque por subida de tension). No se sabe cuando fue: la trama no trae la hora, sale en cada conexion y tambien tras el primer encendido. Revise el modo en que quedo y de la orden. Arranques contados: 1."
2026-10-05T15:02:36.283Z,"10:02:36","CAIDA",,,"silencio de mas de 5 s; la ultima medida fue 0% a las 10:01:42"
2026-10-05T15:02:48.111Z,"10:02:48","EVENTO",,,"Equipo [PUENTE]: EVT:ARRANQUE CAUSA:SUBIDA_DE_TENSION ARRANQUES:1 -> ESTE POSTE SE QUEDO SIN LUZ (arranque por subida de tension). No se sabe cuando fue: la trama no trae la hora, sale en cada conexion y tambien tras el primer encendido. Revise el modo en que quedo y de la orden. Arranques contados: 1."
2026-10-05T15:02:48.942Z,"10:02:48","REGRESO",,,"el equipo vuelve a emitir telemetria"
2026-10-05T15:02:48.944Z,"10:02:48","MUESTRA",0,205,"ENLACE CAYENDO (latidos contestados en los ultimos 30 s)"
2026-10-05T15:02:52.829Z,"10:02:52","EVENTO",0,205,"Diagnóstico del enlace de este poste (D-23): la radio lleva 3256 bytes recibidos, 687 tramas buenas y 0 descartadas desde que arrancó. A partir de aquí solo se anota lo que cambie; el detalle al día está en la ventana de diagnóstico."
2026-10-05T15:03:50.923Z,"10:03:50","MUESTRA",0,205,"ENLACE CAYENDO (latidos contestados en los ultimos 30 s)"
2026-10-05T15:04:50.932Z,"10:04:50","MUESTRA",0,205,"ENLACE CAYENDO (latidos contestados en los ultimos 30 s)"
2026-10-05T15:05:50.982Z,"10:05:50","MUESTRA",0,205,"ENLACE CAYENDO (latidos contestados en los ultimos 30 s)"
2026-10-05T15:06:52.927Z,"10:06:52","MUESTRA",0,205,"ENLACE CAYENDO (latidos contestados en los ultimos 30 s)"
2026-10-05T15:07:54.894Z,"10:07:54","MUESTRA",0,205,"ENLACE CAYENDO (latidos contestados en los ultimos 30 s)"
2026-10-05T15:08:56.935Z,"10:08:56","MUESTRA",0,205,"ENLACE CAYENDO (latidos contestados en los ultimos 30 s)"
2026-10-05T15:09:58.863Z,"10:09:58","MUESTRA",0,205,"ENLACE CAYENDO (latidos contestados en los ultimos 30 s)"
2026-10-05T15:11:00.924Z,"10:11:00","MUESTRA",0,205,"ENLACE CAYENDO (latidos contestados en los ultimos 30 s)"
2026-10-05T15:11:54.279Z,"10:11:54","CAIDA",,,"silencio de mas de 5 s; la ultima medida fue 0% a las 10:11:48"
2026-10-05T15:12:43.271Z,"10:12:43","EVENTO",,,"Equipo [PUENTE]: EVT:ARRANQUE CAUSA:SUBIDA_DE_TENSION ARRANQUES:1 -> ESTE POSTE SE QUEDO SIN LUZ (arranque por subida de tension). No se sabe cuando fue: la trama no trae la hora, sale en cada conexion y tambien tras el primer encendido. Revise el modo en que quedo y de la orden. Arranques contados: 1."
2026-10-05T15:12:45.063Z,"10:12:45","REGRESO",,,"el equipo vuelve a emitir telemetria"
2026-10-05T15:12:45.065Z,"10:12:45","MUESTRA",,,"el equipo hablo pero el enlace no venia medido (RF:--)"
2026-10-05T15:12:56.995Z,"10:12:56","EVENTO",,,"Diagnóstico del enlace de este poste (D-23): la radio lleva 1 bytes recibidos, 0 tramas buenas y 0 descartadas desde que arrancó. A partir de aquí solo se anota lo que cambie; el detalle al día está en la ventana de diagnóstico."
2026-10-05T15:13:26.983Z,"10:13:26","EVENTO",,,"La radio de este poste NO recibió un solo byte en los últimos 30 s. No es ruido ni CRC malo: no está entrando nada por la línea."
2026-10-05T15:13:45.086Z,"10:13:45","MUESTRA",,,"el equipo hablo pero el enlace no venia medido (RF:--)"
2026-10-05T15:14:14.385Z,"10:14:14","EVENTO",,,"Equipo [TESTIGO]: FLASH_OK_BORRADO_US:22031 - 10:14:14"
2026-10-05T15:14:14.501Z,"10:14:14","EVENTO",,,"Equipo [APP_BLUETOOTH]: SET_MODO_DEG_T - 10:14:14"
2026-10-05T15:14:14.604Z,"10:14:14","EVENTO",,,"Equipo [DEGRADADO]: SYNC:-- AVISO:NO VENCIDA:NO - 10:14:14"
2026-10-05T15:14:26.989Z,"10:14:26","EVENTO",,,"Vuelven a entrar bytes por la radio de este poste (2 en los últimos 30 s)."
2026-10-05T15:14:45.109Z,"10:14:45","MUESTRA",,,"el equipo hablo pero el enlace no venia medido (RF:--)"
2026-10-05T15:15:47.092Z,"10:15:47","MUESTRA",,,"el equipo hablo pero el enlace no venia medido (RF:--)"
2026-10-05T15:16:49.077Z,"10:16:49","MUESTRA",,,"el equipo hablo pero el enlace no venia medido (RF:--)"
2026-10-05T15:17:51.065Z,"10:17:51","MUESTRA",,,"el equipo hablo pero el enlace no venia medido (RF:--)"
2026-10-05T15:18:53.057Z,"10:18:53","MUESTRA",,,"el equipo hablo pero el enlace no venia medido (RF:--)"
2026-10-05T15:19:55.054Z,"10:19:55","MUESTRA",,,"el equipo hablo pero el enlace no venia medido (RF:--)"
2026-10-05T15:20:57.039Z,"10:20:57","MUESTRA",,,"el equipo hablo pero el enlace no venia medido (RF:--)"
2026-10-05T15:21:26.767Z,"10:21:26","EVENTO",,,"Equipo [DEGRADADO]: ENLACE_DISPONIBLE - 10:21:25 -> LA RADIO VOLVIO entre los dos postes. Siguen en Degradado. Para volver al ciclo: VOLVER AL MENU en el POSTE 1 (el Poste 2 lo sigue solo por radio) y despues el modo que quiera."
2026-10-05T15:21:38.996Z,"10:21:38","EVENTO",,,"Equipo [APP_BLUETOOTH]: SALIDA_DEGRADADO_PEDIDA - 10:21:37"
2026-10-05T15:21:39.365Z,"10:21:39","EVENTO",,,"Equipo [APP_BLUETOOTH]: FORZAR_ROJO_SIN_PIN - 10:21:38"
2026-10-05T15:21:47.429Z,"10:21:47","EVENTO",,,"Equipo [APP_BLUETOOTH]: FORZAR_ROJO_SIN_PIN - 10:21:46"
2026-10-05T15:21:53.809Z,"10:21:53","EVENTO",,,"Equipo [APP_BLUETOOTH]: FORZAR_ROJO_SIN_PIN - 10:21:52"
2026-10-05T15:21:57.092Z,"10:21:57","MUESTRA",,,"el equipo hablo pero el enlace no venia medido (RF:--)"
2026-10-05T15:22:07.236Z,"10:22:07","EVENTO",,,"Equipo [APP_BLUETOOTH]: SET_MODO_AMBAR - 10:22:05"
2026-10-05T15:22:07.333Z,"10:22:07","EVENTO",,,"Equipo [DEGRADADO]: SYNC:-- AVISO:NO VENCIDA:SI - 10:22:06 -> Sin sincronizacion de radio valida (48 h o mas, o sin fecha): este poste no da verdes por reloj. La luz que tiene la ve en su estado en esta pantalla: ambar, o rojo fijo si llega la alarma de reloj parado. Recupere la radio entre postes; poner la hora con el telefono no lo renueva."
2026-10-05T15:22:45.907Z,"10:22:45","EVENTO",,,"Equipo [APP_BLUETOOTH]: FORZAR_ROJO_SIN_PIN - 10:22:44"
2026-10-05T15:22:59.075Z,"10:22:59","MUESTRA",,,"el equipo hablo pero el enlace no venia medido (RF:--)"
2026-10-05T15:22:59.454Z,"10:22:59","EVENTO",,,"Equipo [APP_BLUETOOTH]: SET_MODO_INTELIGENTE - 10:22:58"
2026-10-05T15:23:01.089Z,"10:23:01","MUESTRA",100,211,"el enlace paso de NO SE SABE a ENLACE BUENO"
2026-10-05T15:23:01.162Z,"10:23:01","EVENTO",100,211,"Equipo [ENLACE_RF]: OK_RF:100% - 10:22:59"
2026-10-05T15:23:03.576Z,"10:23:03","EVENTO",100,211,"Equipo [DEGRADADO]: SYNC:0h AVISO:NO VENCIDA:NO - 10:23:02"
2026-10-05T15:23:56.857Z,"10:23:56","EVENTO",100,196,"Este poste EMPIEZA a descartar tramas: 2 descartada(s) frente a 29 buena(s) en los últimos 30 s. Entra señal y no se entiende."
2026-10-05T15:24:01.150Z,"10:24:01","MUESTRA",100,218,"ENLACE BUENO (latidos contestados en los ultimos 30 s)"
2026-10-05T15:24:26.858Z,"10:24:26","EVENTO",90,216,"Este poste deja de descartar tramas: ninguna descartada en los últimos 30 s."
2026-10-05T15:25:03.056Z,"10:25:03","MUESTRA",100,196,"ENLACE BUENO (latidos contestados en los ultimos 30 s)"
2026-10-05T15:26:03.122Z,"10:26:03","MUESTRA",100,196,"ENLACE BUENO (latidos contestados en los ultimos 30 s)"
2026-10-05T15:26:43.054Z,"10:26:43","MUESTRA",60,205,"el enlace paso de ENLACE BUENO a ENLACE JUSTO"
2026-10-05T15:26:57.040Z,"10:26:57","MUESTRA",30,205,"el enlace paso de ENLACE JUSTO a ENLACE CAYENDO"
2026-10-05T15:26:58.595Z,"10:26:58","ALARMA",20,205,"Caja Negra: FALLO_RF - SILENCIO_28000ms (Accion: CAMBIO_A_AMBAR) -> VAYA AL GABINETE DEL ESCLAVO (poste 2), CONECTESE A EL Y PONGALE LA HORA DESDE EL TELEFONO: pestana Tecnico, boton Sincronizar. Se ha perdido la radio entre los dos postes: sin ella, el Esclavo ya no recibe la hora del Maestro y toma la de su propio ESP32, que es la que hay que dejar bien. Y revise la radio: el ultimo tramo que acompana a esta alarma dice como venia el enlace cuando se cayo. [ultimo tramo: latidos sin respuesta: 8, RTT: 205ms]"
2026-10-05T15:26:59.136Z,"10:26:59","EVENTO",20,205,"Equipo [ENLACE_RF]: PERDIDO_RF:20% - 10:26:57"
2026-10-05T15:27:34.284Z,"10:27:34","CAIDA",,,"silencio de mas de 5 s; la ultima medida fue 0% a las 10:27:29"
2026-10-05T15:27:35.691Z,"10:27:35","EVENTO",,,"Equipo [PUENTE]: EVT:ARRANQUE CAUSA:OTRO_PERRO ARRANQUES:2 -> El modulo ESP32 de este poste arranco: el perro guardian del ESP32 lo reinicio (se habia colgado). No se sabe cuando fue. Arranques contados: 2."
2026-10-05T15:27:36.247Z,"10:27:36","REGRESO",,,"el equipo vuelve a emitir telemetria"
2026-10-05T15:27:36.250Z,"10:27:36","MUESTRA",,,"el equipo hablo pero el enlace no venia medido (RF:--)"
2026-10-05T15:27:56.085Z,"10:27:56","EVENTO",,,"Diagnóstico del enlace de este poste (D-23): la radio lleva 8734 bytes recibidos, 2144 tramas buenas y 59 descartadas desde que arrancó. A partir de aquí solo se anota lo que cambie; el detalle al día está en la ventana de diagnóstico."
2026-10-05T15:28:00.921Z,"10:28:00","EVENTO",,,"Equipo [PUENTE]: EVT:ARRANQUE CAUSA:SUBIDA_DE_TENSION ARRANQUES:1 -> ESTE POSTE SE QUEDO SIN LUZ (arranque por subida de tension). No se sabe cuando fue: la trama no trae la hora, sale en cada conexion y tambien tras el primer encendido. Revise el modo en que quedo y de la orden. Arranques contados: 1."
2026-10-05T15:28:01.027Z,"10:28:01","MUESTRA",0,205,"el enlace paso de NO SE SABE a ENLACE CAYENDO"
2026-10-05T15:28:26.804Z,"10:28:26","EVENTO",0,205,"Diagnóstico del enlace de este poste (D-23): la radio lleva 1204 bytes recibidos, 238 tramas buenas y 2 descartadas desde que arrancó. A partir de aquí solo se anota lo que cambie; el detalle al día está en la ventana de diagnóstico."
2026-10-05T15:29:01.027Z,"10:29:01","MUESTRA",0,205,"ENLACE CAYENDO (latidos contestados en los ultimos 30 s)"
2026-10-05T15:30:03.019Z,"10:30:03","MUESTRA",0,205,"ENLACE CAYENDO (latidos contestados en los ultimos 30 s)"
2026-10-05T15:31:05.013Z,"10:31:05","MUESTRA",0,205,"ENLACE CAYENDO (latidos contestados en los ultimos 30 s)"
2026-10-05T15:32:06.976Z,"10:32:06","MUESTRA",0,205,"ENLACE CAYENDO (latidos contestados en los ultimos 30 s)"
2026-10-05T15:33:08.966Z,"10:33:08","MUESTRA",0,205,"ENLACE CAYENDO (latidos contestados en los ultimos 30 s)"
2026-10-05T15:34:09.027Z,"10:34:09","MUESTRA",0,205,"ENLACE CAYENDO (latidos contestados en los ultimos 30 s)"
2026-10-05T15:35:10.944Z,"10:35:10","MUESTRA",0,205,"ENLACE CAYENDO (latidos contestados en los ultimos 30 s)"
2026-10-05T15:36:12.953Z,"10:36:12","MUESTRA",0,205,"ENLACE CAYENDO (latidos contestados en los ultimos 30 s)"
2026-10-05T15:37:14.929Z,"10:37:14","MUESTRA",0,205,"ENLACE CAYENDO (latidos contestados en los ultimos 30 s)"
2026-10-05T15:38:16.916Z,"10:38:16","MUESTRA",0,205,"ENLACE CAYENDO (latidos contestados en los ultimos 30 s)"
2026-10-05T15:39:18.895Z,"10:39:18","MUESTRA",0,205,"ENLACE CAYENDO (latidos contestados en los ultimos 30 s)"
2026-10-05T15:40:18.955Z,"10:40:18","MUESTRA",0,205,"ENLACE CAYENDO (latidos contestados en los ultimos 30 s)"
2026-10-05T15:40:18.955Z,"10:40:18","HUECO",,,"sin una sola trama durante 81084 s"
2026-10-06T14:11:43.433Z,"09:11:43","EVENTO",,,"Equipo [PUENTE]: EVT:ARRANQUE CAUSA:SUBIDA_DE_TENSION ARRANQUES:1 -> ESTE POSTE SE QUEDO SIN LUZ (arranque por subida de tension). No se sabe cuando fue: la trama no trae la hora, sale en cada conexion y tambien tras el primer encendido. Revise el modo en que quedo y de la orden. Arranques contados: 1."
2026-10-06T14:11:44.510Z,"09:11:44","MUESTRA",,,"el equipo hablo pero el enlace no venia medido (RF:--)"
2026-10-06T14:11:54.774Z,"09:11:54","EVENTO",,,"Equipo [APP_BLUETOOTH]: FORZAR_ROJO_SIN_PIN - 09:11:54"
2026-10-06T14:11:58.425Z,"09:11:58","EVENTO",,,"Diagnóstico del enlace de este poste (D-23): la radio lleva 28 bytes recibidos, 6 tramas buenas y 1 descartadas desde que arrancó. A partir de aquí solo se anota lo que cambie; el detalle al día está en la ventana de diagnóstico."
2026-10-06T14:12:03.363Z,"09:12:03","EVENTO",,,"Equipo [APP_BLUETOOTH]: SET_MODO_AMBAR - 09:12:02"
2026-10-06T14:12:09.322Z,"09:12:09","EVENTO",,,"Equipo [APP_BLUETOOTH]: SET_MODO_AUTO - 09:12:08"
2026-10-06T14:12:13.403Z,"09:12:13","EVENTO",,,"Equipo [DEGRADADO]: SYNC:0h AVISO:NO VENCIDA:NO - 09:12:12"
2026-10-06T14:12:14.498Z,"09:12:14","MUESTRA",100,196,"el enlace paso de NO SE SABE a ENLACE BUENO"
2026-10-06T14:12:14.598Z,"09:12:14","EVENTO",100,196,"Equipo [ENLACE_RF]: OK_RF:100% - 09:12:14"
2026-10-06T14:12:24.496Z,"09:12:24","MUESTRA",66,198,"el enlace paso de ENLACE BUENO a ENLACE JUSTO"
2026-10-06T14:12:26.571Z,"09:12:26","MUESTRA",75,197,"el enlace paso de ENLACE JUSTO a ENLACE BUENO"
2026-10-06T14:13:28.542Z,"09:13:28","MUESTRA",100,196,"ENLACE BUENO (latidos contestados en los ultimos 30 s)"
2026-10-06T14:14:30.490Z,"09:14:30","MUESTRA",100,196,"ENLACE BUENO (latidos contestados en los ultimos 30 s)"
2026-10-06T14:15:32.486Z,"09:15:32","MUESTRA",100,196,"ENLACE BUENO (latidos contestados en los ultimos 30 s)"
2026-10-06T14:16:34.468Z,"09:16:34","MUESTRA",100,195,"ENLACE BUENO (latidos contestados en los ultimos 30 s)"
2026-10-06T14:17:08.631Z,"09:17:08","EVENTO",100,195,"Equipo [APP_BLUETOOTH]: SET_MODO_MENU - 09:17:08"
2026-10-06T14:17:08.631Z,"09:17:08","HUECO",,,"sin una sola trama durante 1330 s"
2026-10-06T14:39:18.875Z,"09:39:18","EVENTO",,,"Equipo [PUENTE]: EVT:ARRANQUE CAUSA:SUBIDA_DE_TENSION ARRANQUES:1 -> ESTE POSTE SE QUEDO SIN LUZ (arranque por subida de tension). No se sabe cuando fue: la trama no trae la hora, sale en cada conexion y tambien tras el primer encendido. Revise el modo en que quedo y de la orden. Arranques contados: 1."
2026-10-06T14:39:20.083Z,"09:39:20","MUESTRA",,,"el equipo hablo pero el enlace no venia medido (RF:--)"
2026-10-06T14:39:23.011Z,"09:39:23","EVENTO",,,"Equipo [APP_BLUETOOTH]: FORZAR_ROJO_SIN_PIN - 09:39:22"
2026-10-06T14:39:26.714Z,"09:39:26","EVENTO",,,"Equipo [APP_BLUETOOTH]: SET_MODO_AUTO - 09:39:26"
2026-10-06T14:39:29.974Z,"09:39:29","EVENTO",,,"Diagnóstico del enlace de este poste (D-23): la radio lleva 22 bytes recibidos, 4 tramas buenas y 0 descartadas desde que arrancó. A partir de aquí solo se anota lo que cambie; el detalle al día está en la ventana de diagnóstico."
2026-10-06T14:39:30.770Z,"09:39:30","EVENTO",,,"Equipo [DEGRADADO]: SYNC:0h AVISO:NO VENCIDA:NO - 09:39:30"
2026-10-06T14:39:32.117Z,"09:39:32","MUESTRA",100,196,"el enlace paso de NO SE SABE a ENLACE BUENO"
2026-10-06T14:39:32.180Z,"09:39:32","EVENTO",100,196,"Equipo [ENLACE_RF]: OK_RF:100% - 09:39:32"
2026-10-06T14:39:42.194Z,"09:39:42","MUESTRA",66,198,"el enlace paso de ENLACE BUENO a ENLACE JUSTO"
2026-10-06T14:39:44.107Z,"09:39:44","MUESTRA",75,212,"el enlace paso de ENLACE JUSTO a ENLACE BUENO"
2026-10-06T14:40:20.317Z,"09:40:20","EVENTO",100,197,"Equipo [APP_BLUETOOTH]: SET_MODO_INTELIGENTE - 09:40:20"
2026-10-06T14:40:46.151Z,"09:40:46","MUESTRA",100,196,"ENLACE BUENO (latidos contestados en los ultimos 30 s)"
2026-10-06T14:41:08.078Z,"09:41:08","MUESTRA",60,196,"el enlace paso de ENLACE BUENO a ENLACE JUSTO"
2026-10-06T14:41:16.067Z,"09:41:16","MUESTRA",30,196,"el enlace paso de ENLACE JUSTO a ENLACE CAYENDO"
2026-10-06T14:41:19.557Z,"09:41:19","ALARMA",20,196,"Caja Negra: FALLO_RF - SILENCIO_28000ms (Accion: CAMBIO_A_AMBAR) -> VAYA AL GABINETE DEL ESCLAVO (poste 2), CONECTESE A EL Y PONGALE LA HORA DESDE EL TELEFONO: pestana Tecnico, boton Sincronizar. Se ha perdido la radio entre los dos postes: sin ella, el Esclavo ya no recibe la hora del Maestro y toma la de su propio ESP32, que es la que hay que dejar bien. Y revise la radio: el ultimo tramo que acompana a esta alarma dice como venia el enlace cuando se cayo. [ultimo tramo: latidos sin respuesta: 8, RTT: 196ms]"
2026-10-06T14:41:20.149Z,"09:41:20","EVENTO",20,196,"Equipo [ENLACE_RF]: PERDIDO_RF:20% - 09:41:20"
2026-10-06T14:42:16.069Z,"09:42:16","MUESTRA",0,196,"ENLACE CAYENDO (latidos contestados en los ultimos 30 s)"
2026-10-06T14:43:18.026Z,"09:43:18","MUESTRA",0,196,"ENLACE CAYENDO (latidos contestados en los ultimos 30 s)"
2026-10-06T14:44:18.030Z,"09:44:18","MUESTRA",0,196,"ENLACE CAYENDO (latidos contestados en los ultimos 30 s)"
2026-10-06T14:45:19.993Z,"09:45:19","MUESTRA",0,196,"ENLACE CAYENDO (latidos contestados en los ultimos 30 s)"
2026-10-06T14:46:18.444Z,"09:46:18","EVENTO",0,196,"Equipo [APP_BLUETOOTH]: FORZAR_ROJO_SIN_PIN - 09:46:18"
2026-10-06T14:46:20.050Z,"09:46:20","EVENTO",0,196,"Equipo [ENLACE_RF]: OK_RF:0% - 09:46:20"
2026-10-06T14:46:21.982Z,"09:46:21","MUESTRA",0,196,"ENLACE CAYENDO (latidos contestados en los ultimos 30 s)"
2026-10-06T14:46:33.787Z,"09:46:33","EVENTO",0,196,"Equipo [APP_BLUETOOTH]: SET_MODO_INTELIGENTE - 09:46:33"
2026-10-06T14:46:46.437Z,"09:46:46","ALARMA",0,196,"Caja Negra: FALLO_RF - SILENCIO_28000ms (Accion: CAMBIO_A_AMBAR) -> VAYA AL GABINETE DEL ESCLAVO (poste 2), CONECTESE A EL Y PONGALE LA HORA DESDE EL TELEFONO: pestana Tecnico, boton Sincronizar. Se ha perdido la radio entre los dos postes: sin ella, el Esclavo ya no recibe la hora del Maestro y toma la de su propio ESP32, que es la que hay que dejar bien. Y revise la radio: el ultimo tramo que acompana a esta alarma dice como venia el enlace cuando se cayo. [ultimo tramo: latidos sin respuesta: 116, RTT: 196ms]"
2026-10-06T14:46:48.050Z,"09:46:48","EVENTO",0,196,"Equipo [ENLACE_RF]: PERDIDO_RF:0% - 09:46:48"
2026-10-06T14:47:25.313Z,"09:47:25","CAIDA",,,"silencio de mas de 5 s; la ultima medida fue 0% a las 09:47:20"
2026-10-06T14:47:25.313Z,"09:47:25","HUECO",,,"sin una sola trama durante 254 s"
2026-10-06T14:51:39.192Z,"09:51:39","EVENTO",,,"Equipo [PUENTE]: EVT:ARRANQUE CAUSA:SUBIDA_DE_TENSION ARRANQUES:1 -> ESTE POSTE SE QUEDO SIN LUZ (arranque por subida de tension). No se sabe cuando fue: la trama no trae la hora, sale en cada conexion y tambien tras el primer encendido. Revise el modo en que quedo y de la orden. Arranques contados: 1."
2026-10-06T14:51:40.390Z,"09:51:40","MUESTRA",,,"el equipo hablo pero el enlace no venia medido (RF:--)"
2026-10-06T14:51:42.524Z,"09:51:42","EVENTO",,,"Equipo [APP_BLUETOOTH]: SET_MODO_MENU - 09:51:42"
2026-10-06T14:51:44.418Z,"09:51:44","MUESTRA",100,212,"el enlace paso de NO SE SABE a ENLACE BUENO"
2026-10-06T14:51:44.479Z,"09:51:44","EVENTO",100,212,"Equipo [ENLACE_RF]: OK_RF:100% - 09:51:44"
2026-10-06T14:51:46.272Z,"09:51:46","EVENTO",100,212,"Diagnóstico del enlace de este poste (D-23): la radio lleva 21 bytes recibidos, 4 tramas buenas y 1 descartadas desde que arrancó. A partir de aquí solo se anota lo que cambie; el detalle al día está en la ventana de diagnóstico."
2026-10-06T14:51:46.737Z,"09:51:46","EVENTO",100,212,"Equipo [DEGRADADO]: SYNC:0h AVISO:NO VENCIDA:NO - 09:51:46"
2026-10-06T14:51:52.085Z,"09:51:52","EVENTO",100,205,"Equipo [APP_BLUETOOTH]: SET_DEG_AUTO_1 - 09:51:51"
2026-10-06T14:51:59.523Z,"09:51:59","EVENTO",100,200,"Equipo [APP_BLUETOOTH]: SET_MODO_AMBAR - 09:51:59"
2026-10-06T14:52:10.227Z,"09:52:10","EVENTO",100,199,"Equipo [APP_BLUETOOTH]: SET_DEG_AUTO_1 - 09:52:09"
2026-10-06T14:52:18.772Z,"09:52:18","EVENTO",100,199,"Equipo [APP_BLUETOOTH]: SET_MODO_INTELIGENTE - 09:52:18"
2026-10-06T14:52:46.396Z,"09:52:46","MUESTRA",90,196,"ENLACE BUENO (latidos contestados en los ultimos 30 s)"
2026-10-06T14:53:08.459Z,"09:53:08","MUESTRA",60,196,"el enlace paso de ENLACE BUENO a ENLACE JUSTO"
2026-10-06T14:53:18.380Z,"09:53:18","MUESTRA",30,196,"el enlace paso de ENLACE JUSTO a ENLACE CAYENDO"
2026-10-06T14:53:21.252Z,"09:53:21","ALARMA",20,196,"Caja Negra: FALLO_RF - SILENCIO_28000ms (Accion: CAMBIO_A_AMBAR) -> VAYA AL GABINETE DEL ESCLAVO (poste 2), CONECTESE A EL Y PONGALE LA HORA DESDE EL TELEFONO: pestana Tecnico, boton Sincronizar. Se ha perdido la radio entre los dos postes: sin ella, el Esclavo ya no recibe la hora del Maestro y toma la de su propio ESP32, que es la que hay que dejar bien. Y revise la radio: el ultimo tramo que acompana a esta alarma dice como venia el enlace cuando se cayo. [ultimo tramo: latidos sin respuesta: 8, RTT: 196ms]"
2026-10-06T14:53:22.464Z,"09:53:22","EVENTO",20,196,"Equipo [ENLACE_RF]: PERDIDO_RF:20% - 09:53:22"
2026-10-06T14:54:20.360Z,"09:54:20","MUESTRA",0,196,"ENLACE CAYENDO (latidos contestados en los ultimos 30 s)"
2026-10-06T14:55:22.343Z,"09:55:22","MUESTRA",0,196,"ENLACE CAYENDO (latidos contestados en los ultimos 30 s)"
2026-10-06T14:56:24.311Z,"09:56:24","MUESTRA",0,196,"ENLACE CAYENDO (latidos contestados en los ultimos 30 s)"
2026-10-06T14:57:24.323Z,"09:57:24","MUESTRA",0,196,"ENLACE CAYENDO (latidos contestados en los ultimos 30 s)"
2026-10-06T14:58:26.323Z,"09:58:26","MUESTRA",0,196,"ENLACE CAYENDO (latidos contestados en los ultimos 30 s)"
2026-10-06T14:59:28.292Z,"09:59:28","MUESTRA",0,196,"ENLACE CAYENDO (latidos contestados en los ultimos 30 s)"
2026-10-06T15:00:28.350Z,"10:00:28","MUESTRA",0,196,"ENLACE CAYENDO (latidos contestados en los ultimos 30 s)"
2026-10-06T15:01:30.272Z,"10:01:30","MUESTRA",0,196,"ENLACE CAYENDO (latidos contestados en los ultimos 30 s)"
2026-10-06T15:02:30.332Z,"10:02:30","MUESTRA",0,196,"ENLACE CAYENDO (latidos contestados en los ultimos 30 s)"
2026-10-06T15:03:37.529Z,"10:03:37","EVENTO",,,"Equipo [PUENTE]: EVT:ARRANQUE CAUSA:SUBIDA_DE_TENSION ARRANQUES:1 -> ESTE POSTE SE QUEDO SIN LUZ (arranque por subida de tension). No se sabe cuando fue: la trama no trae la hora, sale en cada conexion y tambien tras el primer encendido. Revise el modo en que quedo y de la orden. Arranques contados: 1."
2026-10-06T15:03:40.606Z,"10:03:40","EVENTO",,,"Equipo [PUENTE]: EVT:ARRANQUE CAUSA:SUBIDA_DE_TENSION ARRANQUES:1 -> ESTE POSTE SE QUEDO SIN LUZ (arranque por subida de tension). No se sabe cuando fue: la trama no trae la hora, sale en cada conexion y tambien tras el primer encendido. Revise el modo en que quedo y de la orden. Arranques contados: 1."
2026-10-06T15:03:41.528Z,"10:03:41","MUESTRA",,,"el equipo hablo pero el enlace no venia medido (RF:--)"
2026-10-06T15:03:47.424Z,"10:03:47","EVENTO",,,"Diagnóstico del enlace de este poste (D-23): la radio lleva 2 bytes recibidos, 0 tramas buenas y 0 descartadas desde que arrancó. A partir de aquí solo se anota lo que cambie; el detalle al día está en la ventana de diagnóstico."
2026-10-06T15:04:04.884Z,"10:04:04","EVENTO",,,"Equipo [TESTIGO]: FLASH_OK_BORRADO_US:22030 - 10:04:04"
2026-10-06T15:04:05.006Z,"10:04:05","EVENTO",,,"Equipo [APP_BLUETOOTH]: SET_MODO_DEG_T - 10:04:04"
2026-10-06T15:04:05.113Z,"10:04:05","EVENTO",,,"Equipo [DEGRADADO]: SYNC:-- AVISO:NO VENCIDA:NO - 10:04:04"
2026-10-06T15:04:15.105Z,"10:04:15","EVENTO",,,"Equipo [PUENTE]: EVT:ARRANQUE CAUSA:SUBIDA_DE_TENSION ARRANQUES:1 -> ESTE POSTE SE QUEDO SIN LUZ (arranque por subida de tension). No se sabe cuando fue: la trama no trae la hora, sale en cada conexion y tambien tras el primer encendido. Revise el modo en que quedo y de la orden. Arranques contados: 1."
2026-10-06T15:04:15.174Z,"10:04:15","CAIDA",,,"silencio de mas de 5 s; no se llego a medir el enlace en esta sesion"
2026-10-06T15:04:29.928Z,"10:04:29","EVENTO",,,"Equipo [PUENTE]: EVT:ARRANQUE CAUSA:SUBIDA_DE_TENSION ARRANQUES:1 -> ESTE POSTE SE QUEDO SIN LUZ (arranque por subida de tension). No se sabe cuando fue: la trama no trae la hora, sale en cada conexion y tambien tras el primer encendido. Revise el modo en que quedo y de la orden. Arranques contados: 1."
2026-10-06T15:04:31.561Z,"10:04:31","REGRESO",,,"el equipo vuelve a emitir telemetria"
2026-10-06T15:04:31.563Z,"10:04:31","MUESTRA",,,"el equipo hablo pero el enlace no venia medido (RF:--)"
2026-10-06T15:04:41.477Z,"10:04:41","EVENTO",,,"Equipo [PUENTE]: EVT:ARRANQUE CAUSA:SUBIDA_DE_TENSION ARRANQUES:1 -> ESTE POSTE SE QUEDO SIN LUZ (arranque por subida de tension). No se sabe cuando fue: la trama no trae la hora, sale en cada conexion y tambien tras el primer encendido. Revise el modo en que quedo y de la orden. Arranques contados: 1."
2026-10-06T15:04:47.441Z,"10:04:47","EVENTO",,,"Diagnóstico del enlace de este poste (D-23): la radio lleva 0 bytes recibidos, 0 tramas buenas y 0 descartadas desde que arrancó. A partir de aquí solo se anota lo que cambie; el detalle al día está en la ventana de diagnóstico."
2026-10-06T15:04:50.496Z,"10:04:50","EVENTO",,,"Equipo [TESTIGO]: FLASH_OK_BORRADO_US:22027 - 10:04:50"
2026-10-06T15:04:50.643Z,"10:04:50","EVENTO",,,"Equipo [APP_BLUETOOTH]: SET_MODO_DEG_T - 10:04:50"
2026-10-06T15:05:17.443Z,"10:05:17","EVENTO",,,"La radio de este poste NO recibió un solo byte en los últimos 30 s. No es ruido ni CRC malo: no está entrando nada por la línea."
2026-10-06T15:05:33.537Z,"10:05:33","MUESTRA",,,"el equipo hablo pero el enlace no venia medido (RF:--)"
2026-10-06T15:06:35.593Z,"10:06:35","MUESTRA",,,"el equipo hablo pero el enlace no venia medido (RF:--)"
2026-10-06T15:07:15.635Z,"10:07:15","EVENTO",,,"Equipo [PUENTE]: EVT:ARRANQUE CAUSA:SUBIDA_DE_TENSION ARRANQUES:1 -> ESTE POSTE SE QUEDO SIN LUZ (arranque por subida de tension). No se sabe cuando fue: la trama no trae la hora, sale en cada conexion y tambien tras el primer encendido. Revise el modo en que quedo y de la orden. Arranques contados: 1."
2026-10-06T15:07:17.174Z,"10:07:17","CAIDA",,,"silencio de mas de 5 s; no se llego a medir el enlace en esta sesion"
2026-10-06T15:07:29.290Z,"10:07:29","EVENTO",,,"Equipo [PUENTE]: EVT:ARRANQUE CAUSA:SUBIDA_DE_TENSION ARRANQUES:1 -> ESTE POSTE SE QUEDO SIN LUZ (arranque por subida de tension). No se sabe cuando fue: la trama no trae la hora, sale en cada conexion y tambien tras el primer encendido. Revise el modo en que quedo y de la orden. Arranques contados: 1."
2026-10-06T15:07:29.516Z,"10:07:29","REGRESO",,,"el equipo vuelve a emitir telemetria"
2026-10-06T15:07:29.517Z,"10:07:29","MUESTRA",,,"el equipo hablo pero el enlace no venia medido (RF:--)"
2026-10-06T15:07:47.375Z,"10:07:47","EVENTO",,,"Diagnóstico del enlace de este poste (D-23): la radio lleva 25 bytes recibidos, 0 tramas buenas y 0 descartadas desde que arrancó. A partir de aquí solo se anota lo que cambie; el detalle al día está en la ventana de diagnóstico."
2026-10-06T15:08:31.497Z,"10:08:31","MUESTRA",,,"el equipo hablo pero el enlace no venia medido (RF:--)"
2026-10-06T15:09:31.505Z,"10:09:31","MUESTRA",,,"el equipo hablo pero el enlace no venia medido (RF:--)"
2026-10-06T15:10:33.463Z,"10:10:33","MUESTRA",,,"el equipo hablo pero el enlace no venia medido (RF:--)"
2026-10-06T15:11:33.469Z,"10:11:33","MUESTRA",,,"el equipo hablo pero el enlace no venia medido (RF:--)"
2026-10-06T15:12:35.447Z,"10:12:35","MUESTRA",,,"el equipo hablo pero el enlace no venia medido (RF:--)"
2026-10-06T15:13:06.410Z,"10:13:06","EVENTO",,,"Equipo [DEGRADADO]: ENLACE_DISPONIBLE - 10:13:04 -> LA RADIO VOLVIO entre los dos postes. Siguen en Degradado. Para volver al ciclo: VOLVER AL MENU en el POSTE 1 (el Poste 2 lo sigue solo por radio) y despues el modo que quiera."
2026-10-06T15:13:21.584Z,"10:13:21","EVENTO",,,"Equipo [APP_BLUETOOTH]: SALIDA_DEGRADADO_PEDIDA - 10:13:20"
2026-10-06T15:13:28.619Z,"10:13:28","EVENTO",,,"Equipo [APP_BLUETOOTH]: SET_MODO_AMBAR - 10:13:27"
2026-10-06T15:13:28.690Z,"10:13:28","EVENTO",,,"Equipo [DEGRADADO]: SYNC:-- AVISO:NO VENCIDA:SI - 10:13:27 -> Sin sincronizacion de radio valida (48 h o mas, o sin fecha): este poste no da verdes por reloj. La luz que tiene la ve en su estado en esta pantalla: ambar, o rojo fijo si llega la alarma de reloj parado. Recupere la radio entre postes; poner la hora con el telefono no lo renueva."
2026-10-06T15:13:35.546Z,"10:13:35","MUESTRA",,,"el equipo hablo pero el enlace no venia medido (RF:--)"
2026-10-06T15:14:10.132Z,"10:14:10","EVENTO",,,"Equipo [APP_BLUETOOTH]: FORZAR_ROJO_SIN_PIN - 10:14:08"
2026-10-06T15:14:12.175Z,"10:14:12","EVENTO",,,"Equipo [APP_BLUETOOTH]: SET_MODO_AUTO - 10:14:10"
2026-10-06T15:14:16.250Z,"10:14:16","EVENTO",,,"Equipo [DEGRADADO]: SYNC:0h AVISO:NO VENCIDA:NO - 10:14:14"
2026-10-06T15:14:17.441Z,"10:14:17","MUESTRA",100,197,"el enlace paso de NO SE SABE a ENLACE BUENO"
2026-10-06T15:14:17.513Z,"10:14:17","EVENTO",100,197,"Equipo [ENLACE_RF]: OK_RF:100% - 10:14:16"
2026-10-06T15:14:28.804Z,"10:14:28","EVENTO",100,201,"Equipo [APP_BLUETOOTH]: FORZAR_ROJO_SIN_PIN - 10:14:27"
2026-10-06T15:14:32.328Z,"10:14:32","EVENTO",100,200,"Equipo [APP_BLUETOOTH]: SET_MODO_AUTO - 10:14:30"
2026-10-06T15:15:19.406Z,"10:15:19","MUESTRA",100,196,"ENLACE BUENO (latidos contestados en los ultimos 30 s)"
2026-10-06T15:16:21.390Z,"10:16:21","MUESTRA",100,196,"ENLACE BUENO (latidos contestados en los ultimos 30 s)"
2026-10-06T15:17:21.452Z,"10:17:21","MUESTRA",100,197,"ENLACE BUENO (latidos contestados en los ultimos 30 s)"
2026-10-06T15:18:23.432Z,"10:18:23","MUESTRA",90,196,"ENLACE BUENO (latidos contestados en los ultimos 30 s)"
2026-10-06T15:19:23.457Z,"10:19:23","MUESTRA",100,195,"ENLACE BUENO (latidos contestados en los ultimos 30 s)"
2026-10-06T15:20:25.333Z,"10:20:25","MUESTRA",100,195,"ENLACE BUENO (latidos contestados en los ultimos 30 s)"
2026-10-06T15:21:27.320Z,"10:21:27","MUESTRA",90,195,"ENLACE BUENO (latidos contestados en los ultimos 30 s)"
2026-10-06T15:22:29.309Z,"10:22:29","MUESTRA",90,198,"ENLACE BUENO (latidos contestados en los ultimos 30 s)"
2026-10-06T15:23:31.273Z,"10:23:31","MUESTRA",100,196,"ENLACE BUENO (latidos contestados en los ultimos 30 s)"
2026-10-06T15:24:31.282Z,"10:24:31","MUESTRA",100,218,"ENLACE BUENO (latidos contestados en los ultimos 30 s)"
2026-10-06T15:24:47.147Z,"10:24:47","EVENTO",90,222,"Este poste EMPIEZA a descartar tramas: 3 descartada(s) frente a 26 buena(s) en los últimos 30 s. Entra señal y no se entiende."
2026-10-06T15:25:17.137Z,"10:25:17","EVENTO",100,199,"Este poste deja de descartar tramas: ninguna descartada en los últimos 30 s."
2026-10-06T15:25:31.317Z,"10:25:31","MUESTRA",100,197,"ENLACE BUENO (latidos contestados en los ultimos 30 s)"
2026-10-06T15:26:31.179Z,"10:26:31","CAIDA",,,"silencio de mas de 5 s; la ultima medida fue 90% a las 10:26:25"
2026-10-06T15:26:31.179Z,"10:26:31","HUECO",,,"sin una sola trama durante 385 s"
2026-10-06T15:32:56.444Z,"10:32:56","EVENTO",,,"Equipo [PUENTE]: EVT:ARRANQUE CAUSA:SUBIDA_DE_TENSION ARRANQUES:1 -> ESTE POSTE SE QUEDO SIN LUZ (arranque por subida de tension). No se sabe cuando fue: la trama no trae la hora, sale en cada conexion y tambien tras el primer encendido. Revise el modo en que quedo y de la orden. Arranques contados: 1."
2026-10-06T15:32:58.364Z,"10:32:58","REGRESO",,,"el equipo vuelve a emitir telemetria"
2026-10-06T15:32:58.368Z,"10:32:58","MUESTRA",,,"el equipo hablo pero el enlace no venia medido (RF:--)"
2026-10-06T15:33:06.278Z,"10:33:06","EVENTO",,,"Diagnóstico del enlace de este poste (D-23): la radio lleva 14 bytes recibidos, 3 tramas buenas y 1 descartadas desde que arrancó. A partir de aquí solo se anota lo que cambie; el detalle al día está en la ventana de diagnóstico."
2026-10-06T15:33:12.071Z,"10:33:12","EVENTO",,,"Equipo [APP_BLUETOOTH]: SET_MODO_MANUAL - 10:33:10"
2026-10-06T15:33:12.423Z,"10:33:12","MUESTRA",100,212,"el enlace paso de NO SE SABE a ENLACE BUENO"
2026-10-06T15:33:12.504Z,"10:33:12","EVENTO",100,212,"Equipo [ENLACE_RF]: OK_RF:100% - 10:33:11"
2026-10-06T15:33:16.168Z,"10:33:16","EVENTO",100,212,"Equipo [DEGRADADO]: SYNC:0h AVISO:NO VENCIDA:NO - 10:33:14"
2026-10-06T15:33:20.420Z,"10:33:20","MUESTRA",66,208,"el enlace paso de ENLACE BUENO a ENLACE JUSTO"
2026-10-06T15:33:22.559Z,"10:33:22","EVENTO",66,208,"Equipo [APP_BLUETOOTH]: CAMBIAR_TURNO_MANUAL - 10:33:21"
2026-10-06T15:33:43.457Z,"10:33:43","EVENTO",66,209,"Equipo [APP_BLUETOOTH]: CAMBIAR_TURNO_MANUAL - 10:33:42"
2026-10-06T15:33:46.423Z,"10:33:46","MUESTRA",70,206,"el enlace paso de ENLACE JUSTO a ENLACE BUENO"
2026-10-06T15:34:12.173Z,"10:34:12","CAIDA",,,"silencio de mas de 5 s; la ultima medida fue 90% a las 10:34:06"
2026-10-06T15:36:34.710Z,"10:36:34","EVENTO",,,"Equipo [PUENTE]: EVT:ARRANQUE CAUSA:SUBIDA_DE_TENSION ARRANQUES:1 -> ESTE POSTE SE QUEDO SIN LUZ (arranque por subida de tension). No se sabe cuando fue: la trama no trae la hora, sale en cada conexion y tambien tras el primer encendido. Revise el modo en que quedo y de la orden. Arranques contados: 1."
2026-10-06T15:36:36.484Z,"10:36:36","REGRESO",,,"el equipo vuelve a emitir telemetria"
2026-10-06T15:36:36.486Z,"10:36:36","MUESTRA",,,"el equipo hablo pero el enlace no venia medido (RF:--)"
2026-10-06T15:36:37.774Z,"10:36:37","EVENTO",,,"Equipo [APP_BLUETOOTH]: FORZAR_ROJO_SIN_PIN - 10:36:36"
2026-10-06T15:36:48.015Z,"10:36:48","EVENTO",,,"Equipo [APP_BLUETOOTH]: SET_MODO_MANUAL - 10:36:46"
2026-10-06T15:36:48.481Z,"10:36:48","MUESTRA",100,211,"el enlace paso de NO SE SABE a ENLACE BUENO"
2026-10-06T15:36:48.553Z,"10:36:48","EVENTO",100,211,"Equipo [ENLACE_RF]: OK_RF:100% - 10:36:47"
2026-10-06T15:36:48.661Z,"10:36:48","EVENTO",100,211,"Equipo [DEGRADADO]: SYNC:0h AVISO:NO VENCIDA:NO - 10:36:47"
2026-10-06T15:36:54.941Z,"10:36:54","EVENTO",100,204,"Equipo [APP_BLUETOOTH]: CAMBIAR_TURNO_MANUAL - 10:36:53"
2026-10-06T15:37:00.363Z,"10:37:00","EVENTO",100,202,"Diagnóstico del enlace de este poste (D-23): la radio lleva 123 bytes recibidos, 26 tramas buenas y 1 descartadas desde que arrancó. A partir de aquí solo se anota lo que cambie; el detalle al día está en la ventana de diagnóstico."
2026-10-06T15:37:23.858Z,"10:37:23","EVENTO",100,196,"Equipo [APP_BLUETOOTH]: CAMBIAR_TURNO_MANUAL - 10:37:22"
2026-10-06T15:37:49.876Z,"10:37:49","EVENTO",90,207,"Equipo [APP_BLUETOOTH]: CAMBIAR_TURNO_MANUAL - 10:37:48"
2026-10-06T15:37:50.469Z,"10:37:50","MUESTRA",90,207,"ENLACE BUENO (latidos contestados en los ultimos 30 s)"
2026-10-06T15:38:52.446Z,"10:38:52","MUESTRA",100,209,"ENLACE BUENO (latidos contestados en los ultimos 30 s)"
2026-10-06T15:39:52.514Z,"10:39:52","MUESTRA",100,196,"ENLACE BUENO (latidos contestados en los ultimos 30 s)"
2026-10-06T15:40:54.500Z,"10:40:54","MUESTRA",100,196,"ENLACE BUENO (latidos contestados en los ultimos 30 s)"
2026-10-06T15:41:04.542Z,"10:41:04","EVENTO",100,196,"Equipo [APP_BLUETOOTH]: SET_MODO_AMBAR - 10:41:03"
2026-10-06T15:41:09.798Z,"10:41:09","EVENTO",100,196,"Equipo [APP_BLUETOOTH]: FORZAR_ROJO_SIN_PIN - 10:41:08"
2026-10-06T15:41:12.399Z,"10:41:12","EVENTO",100,196,"Equipo [APP_BLUETOOTH]: SET_MODO_AUTO - 10:41:10"
2026-10-06T15:41:27.664Z,"10:41:27","EVENTO",100,196,"Equipo [APP_BLUETOOTH]: SET_MODO_MENU - 10:41:26"
2026-10-06T15:41:31.451Z,"10:41:31","EVENTO",100,196,"Equipo [APP_BLUETOOTH]: TIEMPOS_CAMBIADOS - 10:41:30"
2026-10-06T15:41:34.014Z,"10:41:34","EVENTO",100,196,"Equipo [APP_BLUETOOTH]: SET_MODO_AUTO - 10:41:32"
2026-10-06T15:41:54.542Z,"10:41:54","MUESTRA",100,196,"ENLACE BUENO (latidos contestados en los ultimos 30 s)"
2026-10-06T15:42:00.326Z,"10:42:00","EVENTO",100,196,"Equipo [APP_BLUETOOTH]: SET_MODO_MANUAL - 10:41:58"
2026-10-06T15:42:05.756Z,"10:42:05","EVENTO",100,196,"Equipo [APP_BLUETOOTH]: FORZAR_ROJO_SIN_PIN - 10:42:04"
2026-10-06T15:42:07.650Z,"10:42:07","EVENTO",100,196,"Equipo [APP_BLUETOOTH]: CAMBIAR_TURNO_MANUAL - 10:42:06"
2026-10-06T15:42:36.673Z,"10:42:36","EVENTO",100,196,"Equipo [APP_BLUETOOTH]: CAMBIAR_TURNO_MANUAL - 10:42:35"
2026-10-06T15:42:54.605Z,"10:42:54","MUESTRA",100,196,"ENLACE BUENO (latidos contestados en los ultimos 30 s)"
2026-10-06T15:43:00.488Z,"10:43:00","EVENTO",100,196,"Equipo [APP_BLUETOOTH]: SET_MODO_ALCANCE - 10:42:59"
2026-10-06T15:43:03.018Z,"10:43:03","EVENTO",90,196,"Equipo [APP_BLUETOOTH]: SET_MODO_INTELIGENTE - 10:43:01"
2026-10-06T15:43:30.362Z,"10:43:30","EVENTO",80,196,"ATENCIÓN: los contadores de radio de este poste BAJARON (1789→91 bytes). Los contadores solo arrancan de cero con el micro, así que este poste SE HA REINICIADO desde la muestra anterior. La cuenta arranca otra vez aquí."
2026-10-06T15:43:32.716Z,"10:43:32","MUESTRA",60,196,"el enlace paso de ENLACE BUENO a ENLACE JUSTO"
2026-10-06T15:43:48.638Z,"10:43:48","MUESTRA",30,196,"el enlace paso de ENLACE JUSTO a ENLACE CAYENDO"
2026-10-06T15:43:50.935Z,"10:43:50","ALARMA",20,196,"Caja Negra: FALLO_RF - SILENCIO_28000ms (Accion: CAMBIO_A_AMBAR) -> VAYA AL GABINETE DEL ESCLAVO (poste 2), CONECTESE A EL Y PONGALE LA HORA DESDE EL TELEFONO: pestana Tecnico, boton Sincronizar. Se ha perdido la radio entre los dos postes: sin ella, el Esclavo ya no recibe la hora del Maestro y toma la de su propio ESP32, que es la que hay que dejar bien. Y revise la radio: el ultimo tramo que acompana a esta alarma dice como venia el enlace cuando se cayo. [ultimo tramo: latidos sin respuesta: 8, RTT: 196ms]"
2026-10-06T15:43:52.709Z,"10:43:52","EVENTO",20,196,"Equipo [ENLACE_RF]: PERDIDO_RF:20% - 10:43:51"
2026-10-06T15:44:23.840Z,"10:44:23","EVENTO",0,196,"Equipo [TESTIGO]: FLASH_OK_BORRADO_US:22030 - 10:44:23"
2026-10-06T15:44:23.959Z,"10:44:23","EVENTO",0,196,"Equipo [APP_BLUETOOTH]: SET_MODO_DEG_T - 10:44:23"
2026-10-06T15:44:24.714Z,"10:44:24","EVENTO",0,196,"Equipo [ENLACE_RF]: OK_RF:0% - 10:44:23"
2026-10-06T15:44:30.181Z,"10:44:30","CAIDA",,,"silencio de mas de 5 s; la ultima medida fue 0% a las 10:44:24"
2026-10-06T15:44:30.400Z,"10:44:30","EVENTO",,,"Equipo [PUENTE]: EVT:ARRANQUE CAUSA:SUBIDA_DE_TENSION ARRANQUES:1 -> ESTE POSTE SE QUEDO SIN LUZ (arranque por subida de tension). No se sabe cuando fue: la trama no trae la hora, sale en cada conexion y tambien tras el primer encendido. Revise el modo en que quedo y de la orden. Arranques contados: 1."
2026-10-06T15:44:32.372Z,"10:44:32","REGRESO",,,"el equipo vuelve a emitir telemetria"
2026-10-06T15:44:32.375Z,"10:44:32","MUESTRA",,,"el equipo hablo pero el enlace no venia medido (RF:--)"
2026-10-06T15:44:36.064Z,"10:44:36","EVENTO",,,"Equipo [ESP32]: HORA_ESP32_SEMBRADA - 10:44:35 -> La controladora de este poste (ESCLAVO, poste 2) ha tomado la hora de su modulo ESP32. Si habia un aviso de la hora del ESP32 en este poste, ya esta resuelto. En el Esclavo esto solo pasa sin radio: con radio, la hora la manda el Maestro."
2026-10-06T15:44:36.164Z,"10:44:36","EVENTO",,,"Equipo [TESTIGO]: FLASH_OK_BORRADO_US:22029 - 10:44:35"
2026-10-06T15:44:36.297Z,"10:44:36","EVENTO",,,"Equipo [APP_BLUETOOTH]: SET_MODO_DEG_T - 10:44:35"
2026-10-06T15:45:00.264Z,"10:45:00","EVENTO",,,"Diagnóstico del enlace de este poste (D-23): la radio lleva 2015 bytes recibidos, 494 tramas buenas y 9 descartadas desde que arrancó. A partir de aquí solo se anota lo que cambie; el detalle al día está en la ventana de diagnóstico."
2026-10-06T15:45:30.247Z,"10:45:30","EVENTO",,,"La radio de este poste NO recibió un solo byte en los últimos 30 s. No es ruido ni CRC malo: no está entrando nada por la línea."
2026-10-06T15:45:32.419Z,"10:45:32","MUESTRA",,,"el equipo hablo pero el enlace no venia medido (RF:--)"
2026-10-06T15:46:34.392Z,"10:46:34","MUESTRA",,,"el equipo hablo pero el enlace no venia medido (RF:--)"
2026-10-06T15:47:36.384Z,"10:47:36","MUESTRA",,,"el equipo hablo pero el enlace no venia medido (RF:--)"
2026-10-06T15:48:38.368Z,"10:48:38","MUESTRA",,,"el equipo hablo pero el enlace no venia medido (RF:--)"
2026-10-06T15:49:01.731Z,"10:49:01","EVENTO",,,"Equipo [DEGRADADO]: ENLACE_DISPONIBLE - 10:48:59 -> LA RADIO VOLVIO entre los dos postes. Siguen en Degradado. Para volver al ciclo: VOLVER AL MENU en el POSTE 1 (el Poste 2 lo sigue solo por radio) y despues el modo que quiera."
2026-10-06T15:49:02.444Z,"10:49:02","EVENTO",,,"Equipo [ENLACE_RF]: RECUPERADO_OK:497_RUIDO:9 - 10:49:00"
2026-10-06T15:49:10.641Z,"10:49:10","EVENTO",,,"Equipo [PUENTE]: EVT:ARRANQUE CAUSA:SUBIDA_DE_TENSION ARRANQUES:1 -> ESTE POSTE SE QUEDO SIN LUZ (arranque por subida de tension). No se sabe cuando fue: la trama no trae la hora, sale en cada conexion y tambien tras el primer encendido. Revise el modo en que quedo y de la orden. Arranques contados: 1."
2026-10-06T15:49:12.178Z,"10:49:12","CAIDA",,,"silencio de mas de 5 s; la ultima medida fue 0% a las 10:44:24"
2026-10-06T15:49:19.117Z,"10:49:19","EVENTO",,,"Equipo [PUENTE]: EVT:ARRANQUE CAUSA:SUBIDA_DE_TENSION ARRANQUES:1 -> ESTE POSTE SE QUEDO SIN LUZ (arranque por subida de tension). No se sabe cuando fue: la trama no trae la hora, sale en cada conexion y tambien tras el primer encendido. Revise el modo en que quedo y de la orden. Arranques contados: 1."
2026-10-06T15:49:20.584Z,"10:49:20","REGRESO",,,"el equipo vuelve a emitir telemetria"
2026-10-06T15:49:20.588Z,"10:49:20","MUESTRA",0,196,"ENLACE CAYENDO (latidos contestados en los ultimos 30 s)"
2026-10-06T15:49:26.069Z,"10:49:26","EVENTO",0,196,"Equipo [APP_BLUETOOTH]: SALIDA_DEGRADADO_PEDIDA - 10:49:24"
2026-10-06T15:49:30.325Z,"10:49:30","EVENTO",0,196,"Diagnóstico del enlace de este poste (D-23): la radio lleva 193 bytes recibidos, 30 tramas buenas y 0 descartadas desde que arrancó. A partir de aquí solo se anota lo que cambie; el detalle al día está en la ventana de diagnóstico."
2026-10-06T15:49:30.923Z,"10:49:30","EVENTO",0,196,"Equipo [APP_BLUETOOTH]: SET_MODO_AMBAR - 10:49:29"
2026-10-06T15:50:07.063Z,"10:50:07","EVENTO",0,196,"Equipo [APP_BLUETOOTH]: SET_MODO_MENU - 10:50:05"
2026-10-06T15:50:16.571Z,"10:50:16","MUESTRA",40,214,"el enlace paso de ENLACE CAYENDO a ENLACE JUSTO"
2026-10-06T15:50:23.946Z,"10:50:23","EVENTO",60,206,"Equipo [APP_BLUETOOTH]: SET_DEG_AUTO_1 - 10:50:22"
2026-10-06T15:50:26.579Z,"10:50:26","MUESTRA",70,203,"el enlace paso de ENLACE JUSTO a ENLACE BUENO"
2026-10-06T15:50:50.181Z,"10:50:50","CAIDA",,,"silencio de mas de 5 s; la ultima medida fue 100% a las 10:50:44"
2026-10-06T15:50:57.401Z,"10:50:57","EVENTO",,,"Equipo [PUENTE]: EVT:ARRANQUE CAUSA:SUBIDA_DE_TENSION ARRANQUES:1 -> ESTE POSTE SE QUEDO SIN LUZ (arranque por subida de tension). No se sabe cuando fue: la trama no trae la hora, sale en cada conexion y tambien tras el primer encendido. Revise el modo en que quedo y de la orden. Arranques contados: 1."
2026-10-06T15:50:58.341Z,"10:50:58","REGRESO",,,"el equipo vuelve a emitir telemetria"
2026-10-06T15:50:58.344Z,"10:50:58","MUESTRA",,,"el equipo hablo pero el enlace no venia medido (RF:--)"
2026-10-06T15:51:00.180Z,"10:51:00","EVENTO",,,"Diagnóstico del enlace de este poste (D-23): la radio lleva 2419 bytes recibidos, 595 tramas buenas y 9 descartadas desde que arrancó. A partir de aquí solo se anota lo que cambie; el detalle al día está en la ventana de diagnóstico."
2026-10-06T15:51:04.782Z,"10:51:04","EVENTO",,,"Equipo [APP_BLUETOOTH]: SET_DEG_AUTO_1 - 10:51:03"
2026-10-06T15:51:16.611Z,"10:51:16","EVENTO",,,"Equipo [PUENTE]: EVT:ARRANQUE CAUSA:SUBIDA_DE_TENSION ARRANQUES:1 -> ESTE POSTE SE QUEDO SIN LUZ (arranque por subida de tension). No se sabe cuando fue: la trama no trae la hora, sale en cada conexion y tambien tras el primer encendido. Revise el modo en que quedo y de la orden. Arranques contados: 1."
2026-10-06T15:51:18.177Z,"10:51:18","CAIDA",,,"silencio de mas de 5 s; la ultima medida fue 100% a las 10:50:44"
2026-10-06T15:51:27.712Z,"10:51:27","EVENTO",,,"Equipo [PUENTE]: EVT:ARRANQUE CAUSA:SUBIDA_DE_TENSION ARRANQUES:1 -> ESTE POSTE SE QUEDO SIN LUZ (arranque por subida de tension). No se sabe cuando fue: la trama no trae la hora, sale en cada conexion y tambien tras el primer encendido. Revise el modo en que quedo y de la orden. Arranques contados: 1."
2026-10-06T15:51:28.563Z,"10:51:28","REGRESO",,,"el equipo vuelve a emitir telemetria"
2026-10-06T15:51:28.565Z,"10:51:28","MUESTRA",100,199,"ENLACE BUENO (latidos contestados en los ultimos 30 s)"
2026-10-06T15:51:30.296Z,"10:51:30","EVENTO",100,199,"Diagnóstico del enlace de este poste (D-23): la radio lleva 677 bytes recibidos, 134 tramas buenas y 0 descartadas desde que arrancó. A partir de aquí solo se anota lo que cambie; el detalle al día está en la ventana de diagnóstico."
2026-10-06T15:51:34.729Z,"10:51:34","EVENTO",100,197,"Equipo [APP_BLUETOOTH]: SET_DEG_AUTO_1 - 10:51:33"
2026-10-06T15:52:02.551Z,"10:52:02","MUESTRA",60,196,"el enlace paso de ENLACE BUENO a ENLACE JUSTO"
2026-10-06T15:52:12.627Z,"10:52:12","MUESTRA",30,196,"el enlace paso de ENLACE JUSTO a ENLACE CAYENDO"
2026-10-06T15:53:14.548Z,"10:53:14","MUESTRA",0,196,"ENLACE CAYENDO (latidos contestados en los ultimos 30 s)"
2026-10-06T15:54:16.603Z,"10:54:16","MUESTRA",0,196,"ENLACE CAYENDO (latidos contestados en los ultimos 30 s)"
2026-10-06T15:55:18.606Z,"10:55:18","MUESTRA",0,196,"ENLACE CAYENDO (latidos contestados en los ultimos 30 s)"
2026-10-06T15:56:20.522Z,"10:56:20","MUESTRA",0,196,"ENLACE CAYENDO (latidos contestados en los ultimos 30 s)"
2026-10-06T15:57:22.521Z,"10:57:22","MUESTRA",0,196,"ENLACE CAYENDO (latidos contestados en los ultimos 30 s)"
2026-10-06T15:58:22.525Z,"10:58:22","MUESTRA",0,196,"ENLACE CAYENDO (latidos contestados en los ultimos 30 s)"
2026-10-06T15:59:24.493Z,"10:59:24","MUESTRA",0,196,"ENLACE CAYENDO (latidos contestados en los ultimos 30 s)"
2026-10-06T16:00:26.561Z,"11:00:26","MUESTRA",0,196,"ENLACE CAYENDO (latidos contestados en los ultimos 30 s)"
2026-10-06T16:01:28.475Z,"11:01:28","MUESTRA",0,196,"ENLACE CAYENDO (latidos contestados en los ultimos 30 s)"
2026-10-06T16:02:30.454Z,"11:02:30","MUESTRA",0,196,"ENLACE CAYENDO (latidos contestados en los ultimos 30 s)"
2026-10-06T16:03:30.455Z,"11:03:30","MUESTRA",10,196,"ENLACE CAYENDO (latidos contestados en los ultimos 30 s)"
2026-10-06T16:03:38.600Z,"11:03:38","EVENTO",30,196,"Equipo [APP_BLUETOOTH]: SET_MODO_AMBAR - 11:03:36"
