Timestamp,Tipo,Mensaje
"12:27:44","red","Degradado con testigo: El inicio del testigo (12:26:44) ya paso: no se envia. Repita el testigo en el Maestro."
"12:27:23","red","Rechazo de Firmware: [SET_MODO:DEG_T] Ahora no coincide -> Ahora no coincide. El reloj del telefono y el del poste difieren mas de la tolerancia: revise la hora del telefono y repita."
"12:27:23","green","Hora puesta · Reloj del cruce · ESCLAVO (conectado): 2026-09-29 12:27:23 · MAESTRO (visto a las 12:26:50): 2026-09-29 12:26:50 · celular: 2026-09-29 12:27:23. DESFASE MEDIDO entre los dos relojes del cruce: 0 s (cada poste contra el celular, restados: la caminata no cuenta)."
"12:27:23","green","Equipo: hora puesta y RELEIDA del reloj de ESTE poste, y el modulo se la ha mandado entera a su controladora (si la controladora no la aceptara, lo diria con un aviso de la hora). En el MAESTRO, la controladora la pasa por radio al Esclavo; en el ESCLAVO, su controladora solo la usa sin radio, porque con radio manda la del Maestro. El reloj con pila del OTRO poste no se toca: pongale la hora tambien conectandose a el, que es el que manda alli si se pierde la radio."
"12:27:23","cyan","Tecnico: orden SET_MODO:DEG_T:12:27:23,12:28:50,180,45 (DEGRADADO CON TESTIGO) enviada al POSTE 2. Esperando respuesta: el equipo puede rechazarla y dira por que."
"12:27:23","cyan","Degradado con testigo: orden SET_RTC enviada con la hora del telefono. El testigo sale cuando el puente acuse la hora."
"12:27:07","red","Equipo: TESTIGO ACEPTADO. Este poste queda en ROJO FIJO hasta la hora de inicio y despues alterna solo, sin radio. La cuenta atras esta en la tarjeta del testigo."
"12:27:07","red","POSTE 2 con el testigo. Quedese a ver un ciclo completo y compruebe CON LOS OJOS que nunca hay verde en los dos postes a la vez."
"12:27:07","green","Hora puesta · Reloj del cruce · ESCLAVO (conectado): 2026-09-29 12:27:07 · MAESTRO (visto a las 12:26:50): 2026-09-29 12:26:50 · celular: 2026-09-29 12:27:07. DESFASE MEDIDO entre los dos relojes del cruce: 0 s (cada poste contra el celular, restados: la caminata no cuenta)."
"12:27:07","green","Equipo: hora puesta y RELEIDA del reloj de ESTE poste, y el modulo se la ha mandado entera a su controladora (si la controladora no la aceptara, lo diria con un aviso de la hora). En el MAESTRO, la controladora la pasa por radio al Esclavo; en el ESCLAVO, su controladora solo la usa sin radio, porque con radio manda la del Maestro. El reloj con pila del OTRO poste no se toca: pongale la hora tambien conectandose a el, que es el que manda alli si se pierde la radio."
"12:27:07","cyan","Tecnico: orden SET_MODO:DEG_T:12:27:07,12:28:50,180,45 (DEGRADADO CON TESTIGO) enviada al POSTE 2. Esperando respuesta: el equipo puede rechazarla y dira por que."
"12:27:07","cyan","Degradado con testigo: orden SET_RTC enviada con la hora del telefono. El testigo sale cuando el puente acuse la hora."
"12:26:50","red","Equipo: TESTIGO ACEPTADO. Este poste queda en ROJO FIJO hasta la hora de inicio y despues alterna solo, sin radio. La cuenta atras esta en la tarjeta del testigo."
"12:26:50","red","Testigo del POSTE 1 guardado en este telefono: inicio 12:28:50, verde 180 s, despeje 45 s. Lleve el MISMO testigo al POSTE 2 antes de las 12:28:50 con "Enviar testigo": hasta que el POSTE 2 lo acepte, una punta va por testigo y la otra no."
"12:26:50","amber","Hora puesta · Reloj del cruce · MAESTRO (conectado): 2026-09-29 12:26:50 · ESCLAVO: NO CONSTA EN ESTA SESION · celular: 2026-09-29 12:26:50. FALTA ESCLAVO: conectese a ese poste y vuelva a consultar. Con un solo poste NO se ha validado el cruce, y esta lista no sobrevive a que Android cierre la app: si se cerro entre poste y poste, hay que repetir los dos."
"12:26:50","green","Equipo: hora puesta y RELEIDA del reloj de ESTE poste, y el modulo se la ha mandado entera a su controladora (si la controladora no la aceptara, lo diria con un aviso de la hora). En el MAESTRO, la controladora la pasa por radio al Esclavo; en el ESCLAVO, su controladora solo la usa sin radio, porque con radio manda la del Maestro. El reloj con pila del OTRO poste no se toca: pongale la hora tambien conectandose a el, que es el que manda alli si se pierde la radio."
"12:26:50","cyan","Tecnico: orden SET_MODO:DEG_T:12:26:50,12:28:50,180,45 (DEGRADADO CON TESTIGO) enviada al POSTE 1. Esperando respuesta: el equipo puede rechazarla y dira por que."
"12:26:50","cyan","Degradado con testigo: orden SET_RTC enviada con la hora del telefono. El testigo sale cuando el puente acuse la hora."
"12:26:24","cyan","Version del firmware pedida sola al conectar (no cambia nada). El acuse trae el commit que este equipo tiene CARGADO."
"12:26:19","green","Bluetooth conectado: SIMULADO (sim)"
"12:26:19","cyan","Bluetooth desconectado de SIMULADO a peticion de la app."
"12:26:19","cyan","Se cierra el enlace anterior antes de abrir el nuevo, para que un socket muerto -por ejemplo el que deja el equipo al reiniciarse- no se confunda con un fallo del intento de ahora."
"12:26:19","cyan","Reintento de enlace con SIMULADO (sim). Se cierra primero el socket anterior: si el equipo se reinicio, el que quedaba abierto es de una sesion que ya no existe."
"12:26:18","red","Busqueda de equipos NO emparejados no realizada: esta version de la app no dispone de discoverUnpaired(). Lo que no aparece en la lista no esta descartado, esta sin buscar."
"12:26:18","green","Escaneo Bluetooth: 1 equipo(s) emparejado(s) listados con su MAC real."
"12:26:18","green","Escaneo Bluetooth: 1 equipo(s) emparejado(s) listados con su MAC real."
"12:25:44","red","Enlace perdido: el equipo lleva mas de 5 s sin emitir telemetria. Es una DEDUCCION del silencio, no un aviso del sistema. Si el equipo se reinicio, el socket anterior ya no sirve: pulse el icono de antena y despues RECONECTAR. No hace falta cerrar la app."
"12:25:09","red","Degradado con testigo: este paso es del POSTE 1 y al otro lado hay un poste sin identificar."
"12:25:02","cyan","Bluetooth desconectado de SIMULADO a peticion de la app."
"12:25:02","red","Enlace perdido: el equipo lleva mas de 5 s sin emitir telemetria. Es una DEDUCCION del silencio, no un aviso del sistema. Si el equipo se reinicio, el socket anterior ya no sirve: pulse el icono de antena y despues RECONECTAR. No hace falta cerrar la app."
